{"cameraMode":{"drawMode":0,"name":"Shaded","section":"Shading Mode"},"sceneLighting":true,"audioPlay":false,"sceneViewState":{"m_AlwaysRefresh":false,"showFog":true,"showSkybox":true,"showFlares":true,"showImageEffects":true,"showParticleSystems":true,"showVisualEffectGraphs":true,"m_FxEnabled":true},"in2DMode":false,"pivot":{"x":117.09893035888672,"y":-33.126949310302737,"z":-200.616455078125},"rotation":{"x":-0.01862671971321106,"y":-0.9642928242683411,"z":0.06981401145458222,"w":-0.25536325573921206},"size":131.21774291992188,"orthographic":false}